Independent,Explanation,Dependent,Atributo,Clase,,,,,
Dimensi√≥n: N=4,Una tipificaci√≥n de la variedad diferenciable. ,Dimension: N=4,N,Tip," ""N"": ""Tip""",,,,
M: Variedad Diferenciable,Un espacio topol√≥gico que se parece al espacio euclidiano cerca de cada punto. Puede ser coordinado por Rn a trav√©s de una familia de homeomorfismos.,M: Differentiable manifold,M,M,"        ""M"": ""M""",,,,
$\gamma$: Conexi√≥n af√≠n,Una conexi√≥n generalizada para campos vectoriales en espacios curvos donde la torsi√≥n y la no metricidad no son necesariamente cero.,$\gamma$: Affine connection,Conexi√≥n Af√≠n,GO,"        ""Affine Connection"": ""GO""",,,,
$\overline{\nabla}$: Conexi√≥n Plana,Un derivado para espacios planos.,$\overline{\nabla}$: Flat connection,Conexi√≥n Plana,GO,"        ""Flat Connection"": ""GO""",,,,
$\nabla$: Conexi√≥n Newton-Cartan,Conexi√≥n covariante plana.,"$\widetilde{\nabla}=(\nabla,G^{a}t_{b}t_{c})$: Covariant connection",Conexi√≥n Newton-Cartan,GO,"        ""Newton-Cartan Connection"": ""GO""",,,,
$\left\{ _{\mu\nu}^{\lambda}\right\} $: Conexi√≥n M√©trica,"Tambi√©n llamada conexi√≥n Levi-Civita, depende de la m√©trica $g$. Nos da informaci√≥n sobre c√≥mo transportar vectores a lo largo de una curva, conservando la m√©trica.",$\left\{ _{\mu\nu}^{\lambda}\right\} $: Metric connection,Conexi√≥n M√©trica,GO,"        ""Metric Connection"": ""GO""",,,,
Conexi√≥n m√©trico-af√≠n,Una conexi√≥n para espacios afines a la m√©trica donde la ametricidad y la torsi√≥n no son cero,Metric-Affine connection,Conexi√≥n M√©trico-Af√≠n,GO,"        ""Metric Affine Connection"": ""GO""",,,,
$g$: Campo tensorial m√©trico,"Un campo tensor sim√©trico de tipo $(0,2)$ y signatura $<1,3>$. Proporciona una sensaci√≥n de distancia y √°ngulos entre vectores.",$g_{\mu\nu}$: Metric tensor,Tensor M√©trico,GO,"        ""Metric tensor"": ""GO""",,,,
$\psi$: Campos de materia,,,Psi,GO,"        ""Psi"": ""GO""",,,,
$T$: Campo tensorial de Estr√©s-Energ√≠a-Momentum,"Campo tensorial sim√©trico $(2,0)$",$T_{\mu\nu}$: Stress-Energy-Momentum tensor,T,GO,"        ""T"": ""GO""",,,,
$R$: Escalar de Ricci,$R=g^{\mu\nu}R_{\mu\nu}$,$R$:Ricci scalar,Escalar de Ricci,GO,"        ""Ricci scalar"": ""GO""",,,,
$\Re$: Escalar de Ricci Af√≠n,\Re=g^{\mu\nu}\Re_{\mu\nu},$\Re$: Affine Ricci scalar,R2,GO,"""R2"": ""GO""",,,,
Dependencia,La conexi√≥n y el tensor m√©trico dependen el uno del otro.,Dependency,Dependiente,Tip,"        ""Dependent"": ""Tip""",,,,
Independencia,La conexi√≥n puede expresarse independientemente del tensor m√©trico.,Independency,Indepeniente,Tip,"        ""Independent"": ""Tip""",,,,
$f(R)=R$,La funci√≥n dependiente del escalar de Ricci es de primer orden.,$f(R)=R$,f(R) = R,Cond,"        ""f(R) = R"": ""Cond""",,,,
$f(R)‚â†R$,La funci√≥n dependiente del escalar de Ricci es de alto orden.,$f(R)‚â†R$,f(R) ‚â† R,Cond,"        ""f(R) not R"": ""Cond""",,,,
$f‚Äô(R)=1$,La primera derivada de la funci√≥n dependiente del escalar de Ricci es uno.,$f‚Äô(R)=1$,f‚Äô(R)=1,Cond,"""f‚Äô(R)=1"": ""Cond""",,,,
$f‚Äô‚Äô(R) =0$,La segunda derivada de la funci√≥n del escalar de Ricci es cero,$f‚Äô‚Äô(R) =0$,f‚Äô‚Äô(R) = 0,Cond,"""f‚Äô‚Äô(R) = 0"": ""Cond""",,,,
$f‚Äô‚Äô(R)‚â†-0$,La segunda derivada de la funci√≥n del escalar de Ricci no es cero,$f‚Äô‚Äô(R)‚â†-0$,f‚Äô‚Äô(R) ‚â† 0,Cond,"""f‚Äô‚Äô(R) not 0"": ""Cond""",,,,
$f(\Re)=\Re$,La funci√≥n del escalar de curvatura af√≠n es de primer orden,$f(\Re)=\Re$,f(R*) = R*,Cond,"        ""f(R*)=R*"": ""Cond""",,,,
$f(\Re)\neq\Re$,La funci√≥n del escalar de curvatura af√≠n es de alto orden,$f(\Re)\neq\Re$,f(R*) ‚â† R*,Cond,"        ""f(R*) not R*"": ""Cond""",,,,
$f'(\Re)=1$,La primera derivada del escalar de curvatura af√≠n es uno.,$f'(\Re)=1$,f‚Äô(R*) = 1,Cond,"""f‚Äô(R*)=1"": ""Cond""",,,,
$f''(\Re)=0$,La segunda derivada de la funci√≥n del escalar de curvatura af√≠n es cero,$f''(\Re)=0$,f‚Äô‚Äô(R*) = 0,Cond,"""f‚Äô‚Äô(R*) = 0"": ""Cond""",,,,
$f''(\Re)\neq0$,La segunda derivada de la funci√≥n del escalar de curvatura af√≠n no es cero,$f''(\Re)\neq0$,f‚Äô‚Äô(R*) ‚â† 0,Cond,"""f‚Äô‚Äô(R*) not 0"": ""Cond""",,,,
$T_{\mu\nu}\rightarrow0$: Dust,El tensor de impulso de energ√≠a es casi cero; modelos para polvo,,T = 0,Cond,"""T=0"": ""Cond""",,,,
$\eta$: Minkowski‚Äôs metric,"M√©trica plana no din√°mica. Como $Riem(\gamma)=0$, siempre podemos elegir coordenadas globales en las que $\eta_{\mu\nu}=diag(-1,1,1,1)$",,eta,GO,"        ""eta"": ""GO""",,,,
$Riem(\Gamma)=0$,El tensor de curvatura de Riemann de la conexi√≥n af√≠n es cero. $K=0$. Es una de las condiciones homog√©neas de Trautman.,,K = 0,Cond,"""K=0"": ""Cond""",,,,
$c<0$,El escalar de Ricci es constante y negativo en todos los puntos K:Tp¬¨Tp,,Cte < 0,Cond,"""Cte<0"": ""Cond""",,,,
$c>0$,Ricci escalar es constante y positiva en todos los puntos. K:Tp¬¨Tp,,Cte > 0,Cond,"""Cte>0"": ""Cond""",,,,
"$S_{M}=S_{M}(g_{\mu\nu},\psi)$",T√©rmino de Materia.,"SM = SM ( gùûµùû∂, ùö™ùû¥ùûµùû∂ ,ùûß )",SM1,GO,"""SM1"": ""Action""",,,,
"$S_{M}=S_{M}(g_{\mu\nu},\Gamma_{\mu\nu}^{\lambda},\psi)$",T√©rmino af√≠n de materia.,"SM = SM ( gùûµùû∂, ùö™ùû¥ùûµùû∂ ,ùûß )",SM2,GO,"""SM2"": ""Action""",,,,
"$S_{met}=\frac{1}{2\kappa}\intop d^{4}x\sqrt{-g}f(R)+S_{M}(g_{\mu\nu},\psi)$",Acci√≥n total para una teor√≠a $f(R)$ m√©trica,"Smet = 1/2ùû≥ ‚à´d4x‚àö-g f(R) + SM(gùû∂ùûµ, ùûß)",Ec. 5,Action,"""Eq 5"": ""Action""",,,,
"$S_{pal}=\frac{1}{2\kappa}\intop d^{4}x\sqrt{-g}f(\Re)+S_{M}(g_{\mu\nu},\psi)$",Acci√≥n a la Palatini (la m√©trica y la conexi√≥n son independientes; no se var√≠a sobre la conexi√≥n). Note que el nuevo tensor de Ricci est√° construido con una conexi√≥n independiente  $\Re=g_{\mu\nu}R_{\mu\nu}$,"Spal = 1/2ùû≥ ‚à´d4x‚àö-g f(ùì°) + SM(gùû∂ùûµ, ùûß)",Ec. 13,Action,"""Eq 13"": ""Action""",,,,
$f'(R)R_{\mu\nu}-\frac{1}{2}f(R)g_{\mu\nu}-\left[\nabla_{\mu}\nabla_{\nu}-g_{\mu\nu}\nabla^{\mu}\nabla_{\mu}\right]f'(R)=\kappa T_{\mu\nu}$,Ecuaci√≥n de campo de la teor√≠a $f(R)$ m√©trica,f‚Äô(R)Rùûµùû∂-1/2f(R)gùûµùû∂ - [‚àáùûµ‚àáùû∂-gùûµùû∂‚òê] f‚Äô(R) = ùû≥Tùûµùû∂,Ec. 6,FieldEq,"""Eq 6"": ""FieldEq""",,,,
$R_{\mu\nu}=0$,"Si el escalar de Ricci es igual a cero: $R=0$, entonces la ecuaci√≥n de campo se reduce a: $R_{\mu\eta}=0$",Rùûµùû∂ = 0,Ec. 9a,FieldEq,"""Eq 9a"": ""FieldEq""",,,,
$R_{\mu\nu}=g_{\mu\nu}\frac{C}{4}$,"Si el escalar de Ricci es constante: $R=cte$, entonces la ecuaci√≥n de campo se reduce a: $R_{\mu\nu}=g_{\mu\nu}\frac{C}{4}$, y la soluci√≥n m√°ximamente sim√©trica es el espacio de Sitter o anti-de Sitter dependiendo del signo de C.",Rùûµùû∂=gùûµùû∂C/4,Ec. 9b,FieldEq,"""Eq 9b"": ""FieldEq""",,,,
$R_{\mu\nu}=-g_{\mu\nu}\frac{C}{4}$,"Si el escalar de Ricci es constante: $R=-cte$, entonces la ecuaci√≥n de campo se reduce a: $R_{\mu\nu}=g_{\mu\nu}\frac{C}{4}$, y la soluci√≥n m√°ximamente sim√©trica es de Sitter en el espacio anti-de Sitter dependiendo del signo de C.",$R_{\mu\nu}=-g_{\mu\nu}\frac{C}{4}$,Ec. 9c,FieldEq,"""Eq 9c"": ""FieldEq""",,,,
$f'(\Re)\Re_{\mu\nu}-\frac{1}{2}f(\Re)g_{\mu\nu}=\kappa T_{\mu\nu}$,Ecuaci√≥n de campo 01 a la Palatini,f‚Äô(R)Rùûµùû∂-1/2f(R)gùûµùû∂ = ùû≥GTùûµùû∂,Ec. 18,FieldEq,"""Eq 18"": ""FieldEq""",,,,
$\bar{\nabla}_{\lambda}(\sqrt{-g}f'(\Re)g^{\mu\nu})=0$,La Ec. de campo a la Palatini $\bar{\nabla}$ es la derivada covariante definida de forma independiente o mediante la conexi√≥n m√©trico-af√≠n.,‚àá*ùùÄ( ‚àö-g f‚Äô(R) gùûµùû∂) = 0,Ec. 19,FieldEq,"""Eq 19"": ""FieldEq""",,,,
Ecuaci√≥n de Einstein: $G_{1}^{*}G_{2}^{*}Ric-\frac{1}{2}Rg^{*}=-8\pi kT$,"La materia le dice al espacio c√≥mo curvarse, y el espacio le dice a la materia c√≥mo moverse.",,Ec. de Einstein,FieldEq,"        ""Einstein‚Äôs Eq"": ""FieldEq""",,,,
"Hypermomentum: $\Delta_{\lambda}^{\mu\nu}\equiv-\frac{2}{\sqrt{-g}}\frac{\partial S_{M}}{\partial\Gamma_{\mu\nu}^{\lambda}}$,","Una cantidad que representa la variaci√≥n de SM con respecto a la conexi√≥n, que emula la definici√≥n del tensor tensi√≥n-energ√≠a.",,Hyp,GO,"        ""Hyp"": ""GO""",,,,
Curvatura,Tensor de curvatura de Riemman,,Curvatura,GO,"        ""Curvature"": ""GO""",,,,
"Tensor de no-metricidad: $Q_{\mu\nu\lambda}\equiv-\widetilde{\nabla}_{\mu g\nu\lambda}$,",Mide la falla de la conexi√≥n para conservar covariantemente la m√©trica.,,No-metricidad,GO,"        ""Non metricity"": ""GO""",,,,
"$Q_{\mu\nu\lambda}=0$,",Condici√≥n de homogeneidad de Trautman,,No-metricidad = 0,Cond,"""Non metricity=0"": ""Cond""",,,,
"Vector de Weyl: $Q_{\mu}\equiv\frac{1}{4}Q_{\mu\nu^{\nu}}$,",Es la traza del tensor de no metricidad con respecto a sus dos √∫ltimos √≠ndices (sim√©tricos).,,Vector de Weyl,GO,"        ""Weyl vector"": ""GO""",,,,
Vector de Weyl: $Q_{\mu}=0$,La traza del tensor de no metricidad con respecto a sus dos √∫ltimos √≠ndices (sim√©tricos),,Vector de Weyl = 0,Cond,"""Weyl vector=0"": ""Cond""",,,,
Tensor de torsi√≥n de Cartan: $S_{\mu\nu}^{\lambda}\equiv\Gamma_{\left[\mu\nu\right]}^{\lambda}$,La parte antisim√©trica de la conexi√≥n.,,Torsi√≥n de Cartan,GO,"        ""Cartan torsion"": ""GO""",,,,
$S_{\mu\nu}^{\lambda}=0$,Condici√≥n de homogeneidad de Trautman $\widetilde{R}_{bd}^{ac}=\widetilde{R}_{db}^{ca}$,,Torsi√≥n de Cartan = 0,Cond,"""Cartan torsion=0"": ""Cond""",,,,
Ecuaci√≥n de campo,$f'(\Re)\Re_{(\mu\nu)}-\frac{1}{2}f(\Re)g_{\mu\nu}=\kappa T_{\mu\nu}$,,Ec. 46,FieldEq,"""Eq 46"": ""FieldEq""",,,,
Ecuaci√≥n de campo,$\frac{1}{\sqrt{-g}}\left[-\bar{\nabla_{\lambda}\left(\sqrt{-g}f'(\Re)g^{\mu\nu}\right)+\bar{\nabla}_{\sigma}\left(\sqrt{-g}f'(\Re)g^{\mu\sigma}\right)\delta_{\lambda}^{\nu}}\right]+2f'(\Re)g^{\mu\sigma}S_{\sigma\lambda}^{\nu}=\kappa\left(\Delta_{\lambda}^{\mu\nu}-\frac{2}{3}\Delta_{\sigma}^{\sigma[\nu}\delta_{\lambda}^{\mu]}\right)$,,Ec. 47,FieldEq,"""Eq 47"": ""FieldEq""",,,,
Ecuaci√≥n de campo,$S_{\mu\sigma}^{\sigma}=0$,,Ec. 48,FieldEq,"""Eq 48"": ""FieldEq""",,,,
Ecuaci√≥n Geod√©sica:$D_{T\sigma}T_{\sigma}=0$,Las part√≠culas libres siguen las geod√©sicas de la l√≠nea de tiempo de la conexi√≥n.,Geodesic Equation: $\frac{d^{2}x_{i}}{dt^{2}}+\Gamma_{jk}^{i}\frac{dx_{j}}{dt}\frac{dx_{k}}{dt}=0$,Ley Geod√©sica,MovEq,"        ""Geodesic law"": ""MovEq""",,,,
Ecuaci√≥n de campo,"$R_{\mu\nu}-\frac{1}{2}g_{\mu\nu}R-\lambda(\phi)g_{\mu\nu}=8\pi\phi^{-1}T_{\mu\nu}+\phi^{-2}w(\phi)(\phi,_{\mu}\phi,_{\nu}-\frac{1}{2}g_{\mu\nu}\phi,_{\lambda}\phi^{,\lambda})+\phi^{-1}(\phi_{;\mu\nu}-g_{\mu\nu}\oblong_{g}\phi)$,
$\oblong_{g}\phi+\frac{2\phi^{2}\frac{d\lambda}{d\phi}-3\phi\lambda(\phi)}{3+2w(\phi)}=\frac{1}{3+2w(\phi)}\left(8\pi T-\frac{dw}{d\phi}\phi,_{\mu}\phi^{,\mu}\right)$",,Ec. 5-31,FieldEq,"""Ec 5-31"": ""FieldEq""",,,,
Ecuaci√≥n de campo para teor√≠as tipo vectoriales-tensoriales,"$R_{\mu\nu}-\frac{1}{2}g_{\mu\nu}R-w\varTheta_{\mu\nu}^{(w)}+\eta\Theta_{\mu\nu}^{(\eta)}+\varepsilon\Theta_{\mu\nu}^{(\varepsilon)}+\tau\Theta_{\mu\nu}^{(\tau)}=8\pi GT_{\mu\nu}$
,
$\varepsilon F_{;\nu}^{\mu\nu}+\frac{1}{2}\tau K_{;\nu}^{\mu;\nu}-\frac{1}{2}wK^{\mu}R-\frac{1}{2}\eta K^{\nu}R_{\nu}^{\mu}=0$",,Ec. 5-47,FieldEq,"""Ec 5-47"": ""FieldEq""",,,,
Ecuaci√≥n de campo para la teor√≠a de Rosen,$\oblong_{\eta}g_{\mu\nu}-g^{\alpha\beta}\eta^{\gamma\delta}g_{\mu\alpha\mid\gamma}g_{\nu\beta\mid\delta}=-16\pi G(\frac{g}{\eta})^{\frac{1}{2}}(T_{\mu\nu}-\frac{1}{2}g{}_{\mu\nu}T)$,,Ec. 5-68,FieldEq,"""Ec 5-68"": ""FieldEq""",,,,
Ecuaci√≥n de campo para la teor√≠a de Rastall,"$\left[F(N)K^{\mu;\nu}\right]_{;\nu}-F'(N)K^{\mu}K^{\alpha;\beta}K_{\alpha;\beta}+(1+\eta^{\alpha\beta}K_{\alpha}K_{\beta})^{-\frac{1}{2}}(\Theta^{\mu\nu}-\frac{1}{2}g^{\mu\nu}\Theta)K_{\nu}=8\pi G(1+\eta^{\alpha\beta}K_{\alpha}K_{\beta})^{-\frac{1}{2}}(T^{\mu\nu}-\frac{1}{2}g^{\mu\nu}T)K_{\nu}$,
$\Theta^{\mu\nu}\equiv F(N)(K^{\mu;\alpha}K_{;\alpha}^{\nu}+K^{\alpha;}K_{\alpha}^{;\nu}-\frac{1}{2}g^{\mu\nu}K_{\alpha;\beta}K^{\alpha;\beta})+\left\{ F(N)\left[K^{\alpha}K^{\left(\mu;\nu\right)}-K^{\mu}K^{(\nu;\alpha)}-K^{\nu}K^{(\mu;\alpha)}\right]\right\} _{;\alpha}+F'(N)K^{\alpha;\beta}K_{\alpha;\beta}K^{\mu}K^{\nu}$",,Ec. 5-75,FieldEq,"""Ec 5-75"": ""FieldEq""",,,,
Ecuaci√≥n de campo para la teor√≠a bim√©trica de BSLL,"$\oblong_{\eta}B^{\mu\nu}=-(\frac{4\pi}{a})(g/\eta)^{\frac{1}{2}}T^{\alpha\beta}\left[\theta_{\alpha\beta}^{\mu\nu}-f(a+4f)^{-1}\varTheta_{\alpha\beta}^{\gamma\delta}\eta^{\mu\nu}\eta_{\gamma\delta}\right]$,
where
$\theta_{\alpha\beta}^{\mu\nu}=\frac{\partial g_{\alpha\beta}}{\partial B_{\mu\nu}}$.",,Ec. 5-84,FieldEq,"""Ec 5-84"": ""FieldEq""",,,,
Ecuaci√≥n de campo para las teor√≠as estratificadas de Ni,"$\oblong_{\eta}\phi+\left[f_{3}(\phi)+1\right]\phi_{00}+\frac{1}{2}f‚Äô_{3}(\phi)\phi_{,0}^{2}-\frac{1}{2}K_{2}B_{,ij}^{ij}=2\pi(-g)^{\frac{1}{2}}\left[T^{00}f‚Äô_{1}(\phi)-T^{ii}f'_{2}(\phi)\right]$,
$\oblong B^{ij}+(\frac{\kappa_{2}}{2\kappa_{1}})\phi^{,ij}=\left(\frac{2\pi}{\kappa_{1}}\right)\left(-g\right)^{\frac{1}{2}}T^{ij}$.",,Ec. 5-95,FieldEq,"""Ec 5-95"": ""FieldEq""",,,,
$K^{\mu}$: Campo vectorial din√°mico,Tipo tiempo,,Kmn,FieldEq,"        ""Kmn"": ""GO""",,,,
$\phi$: Campo escalar din√°mico,,,Phi,GO,"        ""Phi"": ""GO""",,,,
Campo tensorial sim√©trico,,,B,GO,"        ""B"": ""GO""",,,,
$t$: Funci√≥n del tiempo c√≥smico,"Un campo escalar no din√°mico. El gradiente de $t$ es covariantemente constante y temporal con respecto a $\eta$. Este campo escalar selecciona secciones espaciales preferidas de ""estratos"" en el universo que son ortogonales a $\nabla$.",,t,GO,"        ""t"": ""GO""",,,,
Funci√≥n cosmol√≥gica $\lambda(\phi)$,"$\lambda(\phi)$ provoca dos efectos: en la ecuaci√≥n de campo para $g$ juega el mismo papel que la constante cosmol√≥gica en GR y, en la ecuaci√≥n de campo, da a $(\phi)$ un rango l relacionado con $\lambda$, $w$ y sus derivados, en el sentido de que las soluciones para $(\phi)$ para un sistema aislado contienen t√©rminos tipo Yukawa $exp\left(-r/l\right)$",,lambda,GO,"        ""lambda"": ""Cosmo""",,,,
$\lambda(\phi)=0$,,,lambda = 0,Cosmo,"""lambda=0"": ""Cond""",,,,
$w(\phi)$: Funci√≥n arbitraria de acoplamiento,,,w,Cond,"        ""w"": ""Function""",,,,
$w‚Äô=0$,$w(\phi)\equiv constant$,,w‚Äô = 0,Function,"""w‚Äô=0"": ""Cond""",,,,
$w\rightarrow\infty$,"
",,w-inf,Cond,"""w=0"": ""Cond""",,,,
$w=0$,,,w = 0,Cond,"        ""w-inf"": ""Cond""",,,,
"$r$, $q$: Par√°metros arbitrarios",,,r q,Cond,"        ""r q"": ""Function""",,,,
$n$: Par√°metro arbitrario,Tambi√©n encontrado como $\eta$,,n0,Function,"""n0"": ""Function""",,,,
$n=0$,,,n = 0,Function,"""n=0"": ""Cond""",,,,
$n=-2w$,,,n = -2w,Cond,"""n=-2w"": ""Cond""",,,,
$\varepsilon$: Par√°metro arbitrario,,,epsilon,Cond,"        ""epsilon"": ""Function""",,,,
$\varepsilon=1$,,,e = 1,Function,"""e=1"": ""Cond""",,,,
$\varepsilon=0$,,,e = 0,Cond,"""e=0"": ""Cond""",,,,
$\tau=1$,Esto representa una restricci√≥n sobre el calibre del campo vectorial $k_{\mu}$ impuesta por la falta de invariancia de calibre total de la acci√≥n $I$.,,tau = 1,Cond,"""tao=1"": ""Cond""",,,,
$\tau$: Par√°metro arbitrario,,,tau,Function,"        ""tao"": ""Function""",,,,
$\tau=0$,"En este caso, no se impone ninguna restricci√≥n al campo vectorial.",,tau = 0,Cond,"""tao=0"": ""Cond""",,,,
"$a$, $f$, $k$: Funciones arbitrarias",,,"a, f, k",Function,"        ""a", f," k"": ""Function""",,
"$f_{1}\left(\phi\right)$, $f_{2}\left(\phi\right)$, $f_{3}\left(\phi\right)$: Funciones arbitrarias",,,"f1(Phi), f2(Phi), f3(Phi)",Function,"""f1(Phi)",f2(Phi),"f3(Phi)"": ""Function""",,
$e$: Funciones arbitrarias,,,e,Function,"        ""e"": ""Function""",,,,
"$\kappa_{1}$, $\kappa_{2}$: Funciones arbitrarias",,,"Kappa1, Kappa2",Function,"""Kappa1","Kappa2"": ""Function""",,,
Constante Gravitational,$G_{today}=1=\left[constant\right]$,,G = 1,ElemDis,"""G = 1"": ""ElemDis""",,,,
Constante Gravitational,$G_{today}\equiv\phi_{0}^{-1}\left(\frac{4+2w}{3+2w}\right)=1$,,G 5-38,ElemDis,"""G 5-38"": ""ElemDis""",,,,
Constante Gravitational,$G_{today}\equiv G\left[\frac{1}{2}\left(\gamma+1\right)+\frac{3}{2}wK^{2}\left(\gamma-1\right)-\frac{1}{2}\left(\eta-\tau\right)K^{2}\left(1+\sigma\right)\right]^{-1}=1$,,G 5-61,ElemDis,"""G 5-61"": ""ElemDis""",,,,
Constante Gravitational,$G_{today}=\frac{G}{(1+\frac{1}{2}K^{2})}=1$,"
",G 5-63,ElemDis,"""G 5-63"": ""ElemDis""",,,,
Constante Gravitational,$G_{today}=G\left[wK^{2}(\gamma+1)\right]^{-1}=1$,,G 5-65,ElemDis,"""G 5-65"": ""ElemDis""",,,,
Constante Gravitational,$G_{today}=G(c_{0}c_{1})^{\frac{1}{2}}=1$,,G 5-70,ElemDis,"""G 5-70"": ""ElemDis""",,,,
Constante Gravitational,$G_{today}\equiv\frac{a+3f-4Ka-16K^{2}a}{2a(a+4f)}+O(w)=1$,,G 5-89,ElemDis,"""G 5-89"": ""ElemDis""",,,,
Constante Gravitational,$G_{today}=c^{2}c_{1}^{\frac{1}{2}}c_{0}^{\frac{-3}{2}}(1+\kappa_{2}^{2}/4\kappa_{1})^{-1}=1$,,G 5-101,ElemDis,"""G 5-101"": ""ElemDis""",,,,
$\phi_{0}$: Par√°metro cosmol√≥gico,,,Phi0,Cosmo,"""Phi0"": ""Cosmo""",,,,
$K$: Par√°metro Cosmol√≥gico,,,K0,Cosmo,"""K0"": ""Cosmo""",,,,
"$C_{0}$, $C_{1}$: Par√°metro Cosmol√≥gico",,,"c0, c1",Cosmo,"""c0","c1"": ""Cosmo""",,,
"$w_{0}$, $w_{1}$: Par√°metros Cosmol√≥gicos",,,"w0, w1",Cosmo,"""w0","w1"": ""Cosmo""",,,
"$a$, $b$, $c$, $d$: Par√°metros Cosmol√≥gicos",,,"a, b, c, d",Cosmo,"        ""a", b, c," d"": ""Cosmo""",
Acci√≥n para las teor√≠as escalares-vectoriales,"$\ensuremath{I=(16\pi)^{-1}\int\left[\phi R-\phi^{-1}w(\phi)g^{\mu\nu}\phi_{,\mu}\phi_{,\nu}+2\phi\lambda(\phi)\right]\times\left(-g\right)^{\frac{1}{2}}d^{4}x+I_{NG}(q_{A},g_{\mu\nu})}$",,Ec. 5-30,Cosmo,"""Ec 5-30"": ""Action""",,,,
Acci√≥n para las teor√≠as vectoriales-tensoriales,"$I=(16\pi G)^{-1}\int\left[R+wK_{\mu}K^{\mu}R+nK^{\mu}K^{\nu}R_{\mu\nu}-\varepsilon F_{\mu\nu}F^{\mu\nu}+\tau K_{\mu;\nu}K^{\mu;\nu}\right]\left(-g\right)^{\frac{1}{2}}d^{4}x+I_{NG}(q_{A},g_{\mu\nu})$,
where $F_{\mu\nu}=K_{\nu;\mu}-K_{\mu;\nu}$",,Ec. 5-45,Action,"""Ec 5-45"": ""Action""",,,,
Acci√≥n para la teor√≠a bim√©trica de Rosen,"$I=-(16\pi G)^{-1}\int\eta^{\mu\nu}g^{\alpha\beta}g^{\gamma\delta}\left(g_{\alpha\gamma\mid\mu}g_{\beta\delta\mid\nu}-\frac{1}{2}g_{\alpha\beta\mid\mu}g_{\gamma\delta\mid\nu}\right)\times\left(-\eta\right)^{\frac{1}{2}}d^{4}x+I_{NG}(q_{A},g_{\mu\nu})$",,Ec. 5-67,Action,"""Ec 5-67"": ""Action""",,,,
Acci√≥n para la teor√≠a bim√©trica de Rastall,"$I=-(16\pi G)^{-1}\int F(N)K^{\mu;\nu}K_{\mu;\nu}\left(-g\right)^{\frac{1}{2}}d^{4}x+I_{NG}(q_{A},g_{\mu\nu})$",,Ec. 5-73,Action,"""Ec 5-73"": ""Action""",,,,
Acci√≥n para la teor√≠a bim√©trica de BSLL,"$I=-(16\pi)^{-1}\int\left(aB^{\mu\nu\mid\alpha}B_{\mu\nu\mid\alpha}+fB_{,\alpha}B^{,\alpha}\right)\left(-n\right)^{\frac{1}{2}}d^{4}x+I_{NG}(q_{A},g_{\mu\nu})$",,Ec. 5-82,Action,"""Ec 5-82"": ""Action""",,,,
Acci√≥n para la teor√≠a estratificada,"$I=(8\pi)^{-1}\int\left[e^{-1}K^{\mu\mid\nu}K_{\mu\mid\nu}-\phi_{,\mu}\phi^{,\mu}-\left[f_{3}\left(\phi\right)+1\right]\left(\phi_{,\mu}t^{,\mu}\right)^{2}+\kappa_{1}B^{\mu\nu\mid\alpha}B_{\mu\nu\mid\alpha}+\kappa_{2}B_{\mid\nu}^{\mu\nu}\phi_{,\mu}\right]\left(-n\right)^{\frac{1}{2}}d^{4}x+I_{NG}(q_{A},g_{\mu\nu})$",,Ec. 5-93,Action,"""Ec 5-93"": ""Action""",,,,
$h$: Tensor M√©trico Plano,"Un campo tensor sim√©trico de tipo $(2,0)$. h se define en el espacio cotangente $T_{p}^{*}\times T_{p}^{*}$ y tiene la signatura $<3,0,1>$. Induce una m√©trica tridimensional en cada hipersuperficie.",$h^{ab}$Flat Metric tensor,h,GO,"        ""h"": ""GO""",,,,
$dt$: Time function,Covector que induce una foliaci√≥n de la variedad M en hipersuperficies tridimensionales.,$t_{a}$,dt,GO,"        ""dt"": ""GO""",,,,
"$h(dt,w)=0$",Describe la geometr√≠a euclidiana,$t_{a}h^{ab}=0$,"h(dt,w) = 0",Cond,"        ""h(dt","w)=0"": ""Cond""",,,
$V$: Contra vector field  ,"Describe el espacio absoluto
$T_{\sigma}=V$ along $\sigma$",,V,GO,"        ""V"": ""GO""",,,,
$\overline{D}(V)=0$,La derivada covariante de $V=0$ hace que las l√≠neas en el aparejo del espacio-tiempo sean geod√©sicas,,D(V) = 0,Cond,"""D(V)=0"": ""Cond""",,,,
$dt(V)=0$,La derivada de V igual a cero hace que las l√≠neas en el aparejo del espacio-tiempo sean similares al tiempo.,,dt(V) = 1,Cond,"""dt(V)=1"": ""Cond""",,,,
$\overline{D}(dt)=0$,La derivada covariante igual a cero asegura que los cortes de simultaneidad sean planos.,$\nabla_{a}t_{b}=0$,D(dt) = 0,Cond,"""D(dt)=0"": ""Cond""",,,,
$\overline{D}(h)=0$,La derivada covariante de h describe la geometr√≠a euclidiana,$\nabla_{a}h^{bc}=0$,D(h) = 0,Cond,"""D(h)=0"": ""Cond""",,,,
Signatura,para el tensor m√©trico: toda positiva.,,No toda positiva,Tip,"        ""Not-definite-positive"": ""Tip""",,,,
Signatura,"para el tensor m√©trico: no toda positiva: $<1,3>$.",,"<1,3>",Tip,"""<1","3>"": ""Tip""",,,
$\overline{D}(g)=0$,Condici√≥n que conserva √°ngulos y distancias cuando se transporta en paralelo a lo largo de una curva.,,D(g) = 0,Cond,"""D(g)=0"": ""Cond""",,,,
$G^{a}$: Campo gravitacional,Un campo vectorial similar al espacio que representa el campo gravitacional.,$G^{a}$: Gravitational field,Ga,GO,"        ""Ga"": ""GO""",,,,
Segunda Ley de Newton:  $mD_{T\sigma}T_{\sigma}=m(grad(\Phi))$,Las part√≠culas sobre las que act√∫an √∫nicamente las fuerzas gravitatorias siguen caminos no geod√©sicos determinados por el potencial gravitacional,,2da Ley,MovEq,"""2nd Law"": ""MovEq""",,,,
$(dt\otimes K)_{1a2}$= 0,,,(dt ‚äó K) = 0,Cond,"""(dt ‚äó K)= 0"": ""Cond""",,,,
"$H_{*}^{2}K(w,v,X,Y)=H_{*}^{2}K(v,w,Y,X)$",,,H2*K = H2*K,Cond,"""H2*K=H2*K"": ""Cond""",,,,
Ec. de Poisson: $del(\Phi)=4\pi k\rho$,,Poisson‚Äôs Eq: $\nabla_{a}G^{a}=-4\pi\rho$,Ec. de Poisson,FieldEq,"        ""Poisson Eq"": ""FieldEq""",,,,
$Ric=-4\pi\rho dt\otimes$$dt$,Equivalente a la Ec. de Poisson:,$\widetilde{R}_{bc}=4\pi\rho t_{b}t_{c}$,Ec. de Campo 2,FieldEq,"""Field. Eq. 2"": ""FieldEq""",,,,
Localidad,La materia es una funci√≥n puntual.,,Local,Cond,"        ""Local"": ""Cond""",,,,
No-localidad,La materia es una funci√≥n de la densidad.,,No-local,Cond,"        ""Non-local"": ""Cond""",,,,
Acci√≥n general m√©trica,"$S=\int\left[k_{1}F\left(R,\mathcal{L_{M}}\right)+k_{2}\mathcal{L_{M}}\right]\sqrt{-g}d^{4}x$",,Acci√≥n General,Action,"        ""General Action"": ""Action""",,,,
Acci√≥n general a la Palatini,"$S=\int\left[k_{1}F\left(\Re,\mathcal{L_{M}}\right)+k_{2}\mathcal{L_{M}}\right]\sqrt{-g}d^{4}x$",,Acci√≥n General a la Palatini,Action,"        ""General Action Palatini"": ""Action""",,,,
Constante de acoplamiento,$k_{1}=\frac{c^{3}}{16\pi G}$,,k1 = c3/16piG,Cond,"""k1=c3/16piG"": ""ElemDis""",,,,
Constante de acoplamiento,$k_{2}=\frac{1}{c}$,,k2 = 1/c,Cond,"""k2=1/c"": ""ElemDis""",,,,
Ecuaci√≥n de campo para la teor√≠a Extendida tipo Mond local con m√©trica pura,$F_{R}R_{\alpha\beta}+\left(g_{\alpha\beta}\nabla^{\mu}\nabla_{\mu}-\nabla_{\alpha}\nabla_{\beta}\right)F_{R}-\frac{1}{2}\left(F-F_{\mathcal{\mathcal{L}}}\right)g_{\alpha\beta}=\frac{1}{2}F_{\mathcal{L}}T_{\alpha\beta}$,,Ec. 4,FieldEq,"""Eq 4"": ""FieldEq""",,,,
Ecuaci√≥n de campo para la teor√≠a Extendida tipo Mond no-local a la Palatini,$f'(\chi)\chi_{\mu\nu}-\frac{1}{2}f(\chi)g_{\mu\nu}=\frac{8\pi GL_{M}^{2}}{c^{4}}T_{\mu\nu}$,,Ec. 8,FieldEq,"""Eq 8"": ""FieldEq""",,,,
Ecuaci√≥n de campo para la teor√≠a Extendida tipo Mond no-local con m√©trica pura,$\left(\frac{f_{R}}{L_{M}^{2}}\right)R_{\mu\nu}-\frac{1}{2L_{M}^{2}}fg_{\mu\nu}+\left[g_{\mu\nu}\Delta-\Delta_{\mu}\Delta_{\nu}\right]\left(\frac{f_{R}}{L_{M}^{2}}\right)=\frac{8\pi G}{c^{4}}T_{\mu\nu}-\left(\frac{f}{L_{M}^{2}}\right)_{T}\left[T_{\mu\nu}+\varTheta_{\mu\nu}\right]$,,Ec. 14,FieldEq,"""Eq 14"": ""FieldEq""",,,,
"Ecuaci√≥n de campo para la teor√≠a Extendida tipo Mond local F(R,T)",(Pendiente),,Ec. 1,FieldEq,"""Pending Eq 1"": ""FieldEq""",,,,
La acci√≥n es una funci√≥n del escalar de Ricci y de la traza del tensor de energ√≠a-momentum,"F(R,T)",,"F(R,T)",Action,"        ""F(R","T)"": ""Action""",,,
La acci√≥n es una funci√≥n del escalar de Ricci af√≠n y de la traza del tensor de energ√≠a-momentum,"F(R*,T)",,"F(R*,T)",Action,"        ""F(R*","T)"": ""Action""",,,
La acci√≥n es una funci√≥n del escalar de Ricci y del lagrangiano de materia,"F(R,Lm)",,"F(R,Lm)",Action,"        ""F(R","Lm)"": ""Action""",,,
La acci√≥n es una funci√≥n del escalar de Ricci af√≠n y del lagrangiano de materia,"F(R*,Lm)",,"F(R*,Lm)",Action,"        ""F(R*","Lm)"": ""Action""",,,
Ecuaci√≥n de movimiento para la teor√≠a extendida tipo Mond local con m√©trica pura,$\frac{dx^{\mu}}{ds^{2}}+\Gamma_{\nu\alpha}^{\mu}\frac{dx^{\mu}}{ds}\frac{dx^{\alpha}}{ds}=\left(g_{\mu\nu}-u_{\mu}u_{\nu}\right)\nabla^{\mu}ln\left[\left(16\pi\kappa\kappa'+f_{\xi}\right)\frac{d\mathcal{L}}{d\rho}\right]$,,"Ec. 34, 35",MovEq,"""Eq 34 y 35"": ""MovEq""",,,,
Ecuaci√≥n de movimiento para la teor√≠a extendida tipo Mond no local a la Palatini,(Pendiente),,Ec. 2,MovEq,"""Pending Eq 2"": ""MovEq""",,,,
Ecuaci√≥n de movimiento para la teor√≠a extendida tipo Mond no-local con m√©trica pura,"$\nabla^{\mu}T_{\mu\nu}=\left(\frac{f}{L_{M}^{2}}\right)_{T}\left\{ \frac{8\pi G}{c^{4}}-\left(\frac{f}{L_{M}^{2}}\right)_{T}\right\} ^{-1}\times\left[\left(T_{\mu\nu}+\Theta_{\mu\nu}\right)\nabla^{\mu}ln\left(\frac{f}{L_{M}^{2}}\right)_{T}\left(R,T\right)+\nabla^{\mu}\theta_{\mu\nu}\right]$",,Ec. 18 MOND,MovEq,"""Eq 18 Mond"": ""MovEq""",,,,
"Ecuaci√≥n de movimiento para la teor√≠a extendida tipo Mond F(R,T)",(Pendiente),,Ec. 3,MovEq,"""Pending Eq 3"": ""MovEq""",,,,
Tensor de Medoza $\chi_{\mu\nu}:=L_{M}^{2}R_{\mu\nu}$,Donde L_{M}^{2} define una longitud fijada por los par√°metros de la teor√≠a,,Xi3/2,GO,"""Xi3/2"": ""GO""",,,,
Constante de Milgrom $a_{0}\approx1.2\times10^{-10}m/s^{2}$,Escala de aceleraci√≥n,,a0,ElemDis,"""a0"": ""ElemDis""",,,,